{"cameraMode":{"drawMode":0,"name":"Shaded","section":"Shading Mode"},"sceneLighting":true,"audioPlay":false,"sceneViewState":{"m_AlwaysRefresh":false,"showFog":true,"showSkybox":true,"showFlares":true,"showImageEffects":true,"showParticleSystems":true,"showVisualEffectGraphs":true,"m_FxEnabled":true},"in2DMode":false,"pivot":{"x":437.724365234375,"y":341.8402404785156,"z":800.8480224609375},"rotation":{"x":-0.014138405211269856,"y":0.9011416435241699,"z":-0.43230512738227847,"w":-0.029467757791280748},"size":60.617835998535159,"orthographic":false}