{"cameraMode":{"drawMode":0,"name":"Shaded","section":"Shading Mode"},"sceneLighting":false,"audioPlay":false,"sceneViewState":{"m_AlwaysRefresh":false,"showFog":true,"showSkybox":true,"showFlares":true,"showImageEffects":true,"showParticleSystems":true,"showVisualEffectGraphs":true,"m_FxEnabled":true},"in2DMode":false,"pivot":{"x":216.43820190429688,"y":-23.084453582763673,"z":807.8636474609375},"rotation":{"x":-0.08102305233478546,"y":-0.13768689334392548,"z":0.011302558705210686,"w":-0.9870955348014832},"size":125.17274475097656,"orthographic":false}