{"cameraMode":{"drawMode":0,"name":"Shaded","section":"Shading Mode"},"sceneLighting":false,"audioPlay":false,"sceneViewState":{"m_AlwaysRefresh":false,"showFog":true,"showSkybox":true,"showFlares":true,"showImageEffects":true,"showParticleSystems":true,"showVisualEffectGraphs":true,"m_FxEnabled":true},"in2DMode":false,"pivot":{"x":1355.7821044921875,"y":98.34982299804688,"z":274.36590576171877},"rotation":{"x":-0.01275225542485714,"y":0.7728095650672913,"z":0.015537645667791367,"w":0.6343231201171875},"size":622.2338256835938,"orthographic":false}